{"errors":[],"warnings":[],"namedChunkGroups":{"polyfill":{"chunks":[0,4],"assets":["webpack-runtime-cdc1a63694235ffb3c54.js","webpack-runtime-cdc1a63694235ffb3c54.js.map","polyfill-effd73b44186fe897d74.js","polyfill-effd73b44186fe897d74.js.map"],"children":{},"childAssets":{}},"app":{"chunks":[0,3,1],"assets":["webpack-runtime-cdc1a63694235ffb3c54.js","webpack-runtime-cdc1a63694235ffb3c54.js.map","framework-c8faac113fd2a7f075fd.js","framework-c8faac113fd2a7f075fd.js.map","app-112511dba0ff47fa32e6.js","app-112511dba0ff47fa32e6.js.map"],"children":{},"childAssets":{}},"component---src-pages-index-tsx":{"chunks":[2],"assets":["component---src-pages-index-tsx-155900265e1556f208b8.js","component---src-pages-index-tsx-155900265e1556f208b8.js.map"],"children":{},"childAssets":{}}},"assetsByChunkName":{"polyfill":["webpack-runtime-cdc1a63694235ffb3c54.js","polyfill-effd73b44186fe897d74.js"],"app":["webpack-runtime-cdc1a63694235ffb3c54.js","framework-c8faac113fd2a7f075fd.js","app-112511dba0ff47fa32e6.js"],"component---src-pages-index-tsx":["component---src-pages-index-tsx-155900265e1556f208b8.js"]}}